prompt_index,time,error
0,50.920082569122314,
1,82.03132104873657,
2,81.54035329818726,
3,73.39730048179626,
4,91.88255405426025,
5,290.30417919158936,
6,196.340416431427,
7,113.32623767852783,
8,75.86251926422119,
