prompt_index,time,error
0,838.5678868293762,
1,546.9490592479706,
2,383.204363822937,
