prompt_index,time,error
0,1518.5142736434937,
1,1246.361481666565,
2,1503.2885954380035,
