prompt_index,time,error
0,97.89028787612915,
1,65.63872456550598,
2,37.1238911151886,
