prompt_index,time,error
0,64.51430654525757,
1,88.80110359191895,
2,67.99737882614136,
3,72.63680267333984,
4,131.80630445480347,
5,204.81157898902893,
6,156.336350440979,
7,100.01068830490112,
8,90.36950087547302,
