prompt_index,time,error
0,76.98757743835449,
1,77.52436208724976,
2,54.405998945236206,
