prompt_index,time,error
0,1178.5553076267242,
1,923.8371479511261,
2,2142.3780732154846,
