prompt_index,time,error
0,98.36591482162476,
1,175.32932329177856,
2,152.10468530654907,
3,270.5702645778656,
4,269.94326424598694,
5,384.4582214355469,
6,473.858359336853,
7,402.1499514579773,
8,53.64603662490845,
