prompt_index,time,error
0,661.9521081447601,
1,511.7536087036133,
2,67.94185471534729,
