prompt_index,time,error
0,345.9795014858246,
1,73.04247164726257,
2,143.50197625160217,
