prompt_index,time,error
0,76.9096417427063,
1,19.158716678619385,
2,14.274991989135742,
