prompt_index,time,error
0,211.29746651649475,
1,120.5897331237793,
2,90.15552544593811,
