prompt_index,time,error
0,761.2523775100708,
1,707.8238770961761,
2,448.1425416469574,
3,456.6425738334656,
4,402.36501455307007,
5,1127.1061916351318,
6,549.8991553783417,
7,605.3489408493042,
8,541.4906303882599,
