prompt_index,time,error
0,74.31944942474365,
1,508.5563588142395,
2,903.934296131134,
3,826.876306772232,
4,823.1451888084412,
5,337.4468116760254,
6,1105.3697316646576,
7,1066.47354221344,
8,528.9312965869904,
