prompt_index,time,error
0,2013.824567079544,
1,755.0100593566895,
2,1284.9698107242584,
