prompt_index,time,error
0,23.915136098861694,
1,19.335676908493042,
2,13.537118196487427,
3,10.3032386302948,
4,9.315179586410522,
5,41.86732888221741,
6,18.68866229057312,
7,26.098464727401733,
8,11.130823850631714,
