prompt_index,time,error
0,39.211564779281616,
1,2892.020859003067,
2,54.1510169506073,
3,32.868282318115234,
4,2887.0953555107117,
5,1845.0167863368988,
6,2891.9911408424377,
7,2882.5115497112274,
8,2880.3101975917816,
