prompt_index,time,error
0,54.14840340614319,
1,103.85294604301453,
2,63.462480545043945,
3,43.689528703689575,
4,31.799681425094604,
5,142.74903321266174,
6,157.98061752319336,
7,113.71652388572693,
8,98.86111426353455,
