prompt_index,time,error
0,22.35302209854126,
1,19.121585369110107,
2,11.805513143539429,
3,9.119742393493652,
4,11.625924110412598,
5,32.43444871902466,
6,19.30259680747986,
7,22.033716678619385,
8,10.750444889068604,
