prompt_index,time,error
0,42.080552101135254,
1,21.583906173706055,
2,9.075141429901123,
3,12.481282949447632,
4,15.688065528869629,
5,42.62022113800049,
6,18.430853605270386,
7,24.215741395950317,
8,14.450764656066895,
