prompt_index,time,error
0,363.04359340667725,
1,496.17989015579224,
2,603.4155149459839,
3,490.3861336708069,
4,898.2610521316528,
5,2022.5662763118744,
6,1370.874609708786,
7,982.5940227508545,
8,1542.3772265911102,
