prompt_index,time,error
0,925.1730484962463,
1,555.3751890659332,
2,467.7860896587372,
