prompt_index,time,error
0,83.23746871948242,
1,686.5801289081573,
2,882.179477930069,
3,813.5993385314941,
4,645.4162373542786,
5,177.65353775024414,
6,1145.1894879341125,
7,1154.6749863624573,
8,530.0343334674835,
