{
  "chats": 861,
  "TP": 4493,
  "FP": 155020,
  "FN": 1069927,
  "precision": 0.02816698325528327,
  "recall": 0.004181791105898997,
  "f1": 0.007282405122482339,
  "all_chats_summary_csv": "C:\\Users\\Diamac\\Documents\\GitHub\\a-truely-diabolic-research-work\\large-language-models\\analyse\\all_chats_summary.csv"
}