StrategyKey,Model,Strategy,Chats,TP,FP,FN,Precision,Recall,F1
dolphin3-8b-s1,dolphin3-8b,s1,1,62,1258,5108,0.04696969696969697,0.011992263056092843,0.01910631741140216
gemma3-27b-s1,gemma3-27b,s1,3,230,5140,15280,0.04283054003724395,0.014829142488716958,0.02203065134099617
mistral-7.2b-s1,mistral-7.2b,s1,1,89,1235,5081,0.06722054380664652,0.017214700193423596,0.02740991684631968
mistral-small3.1-24b-s1,mistral-small3.1-24b,s1,1,73,1953,5097,0.03603158933859822,0.014119922630560928,0.020289049471928847
mistral-small3.2-24b-s1,mistral-small3.2-24b,s1,1,65,1140,5105,0.05394190871369295,0.012572533849129593,0.020392156862745096
phi4-14b-s1,phi4-14b,s1,1,84,1860,5086,0.043209876543209874,0.016247582205029015,0.023615406241214505
qwen3-32b-s1,qwen3-32b,s1,1,115,2759,5055,0.04001391788448156,0.022243713733075435,0.02859273993038289
