prompt_index,time,error
0,13.883227348327637,
1,18.486507892608643,
2,8.798306703567505,
3,17.637399196624756,
4,19.364351987838745,
5,18.124966382980347,
6,17.927594900131226,
7,23.01431441307068,
8,26.118107557296753,
