prompt_index,time,error
0,269.35883045196533,
1,143.745502948761,
2,62.95973467826843,
