prompt_index,time,error
0,344.5428981781006,
1,503.16244316101074,
2,665.0547149181366,
3,469.15796995162964,
4,576.4781632423401,
5,2373.9787380695343,
6,1388.0745894908905,
7,934.415974855423,
8,861.3097529411316,
