prompt_index,time,error
0,766.5837082862854,
1,431.6949191093445,
2,1229.6310021877289,
