prompt_index,time,error
0,74.25747346878052,
1,225.01166129112244,
2,189.15506839752197,
3,286.1001763343811,
4,352.9715452194214,
5,745.5048921108246,
6,570.836651802063,
7,572.2197744846344,
8,250.49388027191162,
