prompt_index,time,error
0,4.842959880828857,
1,12.547534227371216,
2,9.697631120681763,
3,12.68523120880127,
4,20.2479567527771,
5,2.066004991531372,
6,15.747437953948975,
7,11.746822118759155,
8,12.928145170211792,
