prompt_index,time,error
0,1255.9753296375275,
1,550.9526016712189,
2,398.3622534275055,
3,666.2293846607208,
4,525.9279932975769,
5,830.9955854415894,
6,608.4181418418884,
7,721.294529914856,
8,393.2072477340698,
