prompt_index,time,error
0,2895.4337499141693,
1,351.5738134384155,
2,521.936149597168,
3,205.9336278438568,
4,76.20550322532654,
5,1480.1921417713165,
6,166.20891952514648,
7,2883.5316462516785,
8,2879.6885709762573,
