prompt_index,time,error
0,2944.670070886612,
1,2886.787929534912,
2,2885.521726369858,
