prompt_index,time,error
0,1351.2004408836365,
1,483.88786792755127,
2,57.850411891937256,
