prompt_index,time,error
0,199.11279487609863,
1,36.064953088760376,
2,47.17328095436096,
3,33.42875289916992,
4,26.602794408798218,
5,76.0354700088501,
6,73.46224522590637,
7,36.76417326927185,
8,36.803200006484985,
