prompt_index,time,error
0,1383.9477906227112,
1,346.57392835617065,
2,353.06233191490173,
