prompt_index,time,error
0,52.660282373428345,
1,25.58796215057373,
2,13.932353019714355,
