prompt_index,time,error
0,48.727410316467285,
1,96.63156795501709,
2,82.60360026359558,
3,71.55090093612671,
4,93.31488990783691,
5,224.56285643577576,
6,163.7268991470337,
7,109.19920444488525,
8,101.421621799469,
