prompt_index,time,error
0,41.719706535339355,
1,170.21988701820374,
2,96.7751977443695,
3,86.80173754692078,
4,53.00768852233887,
5,267.08220863342285,
6,2898.945582151413,
7,17.889148235321045,
8,51.314229249954224,
