prompt_index,time,error
0,84.61561751365662,
1,164.0896599292755,
2,202.52268385887146,
3,297.7443816661835,
4,246.99743580818176,
5,379.56455421447754,
6,499.08185505867004,
7,401.5446791648865,
8,55.93891358375549,
