prompt_index,time,error
0,315.07463574409485,
1,609.2879717350006,
2,470.02264404296875,
3,648.5054771900177,
4,619.0157763957977,
5,985.8024475574493,
6,701.8524606227875,
7,573.7472445964813,
8,476.54335713386536,
