prompt_index,time,error
0,308.3729157447815,
1,293.23626923561096,
2,52.28122305870056,
