prompt_index,time,error
0,83.64187097549438,
1,176.4662036895752,
2,162.81625175476074,
3,240.35495615005493,
4,277.85412979125977,
5,345.03069400787354,
6,480.1155204772949,
7,471.03723549842834,
8,58.977627992630005,
