prompt_index,time,error
0,1158.7817187309265,
1,1146.402071237564,
2,242.47974157333374,
