prompt_index,time,error
0,679.4342815876007,
1,419.0915598869324,
2,58.054415225982666,
