prompt_index,time,error
0,7.515372276306152,
1,28.97473454475403,
2,30.925482511520386,
3,40.22776222229004,
4,33.70756721496582,
5,40.324846029281616,
6,62.37417459487915,
7,40.74686861038208,
8,30.481781482696533,
