prompt_index,time,error
0,71.29705572128296,
1,166.64061880111694,
2,220.35252261161804,
3,265.5344166755676,
4,230.4043366909027,
5,509.42987298965454,
6,144.8181369304657,
7,257.1343812942505,
8,243.2553005218506,
