prompt_index,time,error
0,7.40018892288208,
1,30.132684230804443,
2,26.73817253112793,
3,38.170021295547485,
4,36.411596059799194,
5,24.74669098854065,
6,53.06625819206238,
7,3.1660521030426025,
8,40.07938027381897,
