prompt_index,time,error
0,71.77714085578918,
1,21.446934700012207,
2,18.181211709976196,
