prompt_index,time,error
0,5.558413743972778,
1,13.152184009552002,
2,9.898574352264404,
3,10.643166065216064,
4,11.733590602874756,
5,12.000309705734253,
6,31.691469192504883,
7,2.391791582107544,
8,1.6999566555023193,
