prompt_index,time,error
0,103.68564248085022,
1,598.2855141162872,
2,801.5543448925018,
3,924.9462833404541,
4,649.5083892345428,
5,303.55053305625916,
6,1160.8172171115875,
7,981.4149906635284,
8,804.8864533901215,
