prompt_index,time,error
0,225.77753806114197,
1,99.30155491828918,
2,92.02610945701599,
