prompt_index,time,error
0,211.09954500198364,
1,44.8443386554718,
2,41.948336362838745,
3,40.01208567619324,
4,25.835882902145386,
5,91.75253343582153,
6,85.97306799888611,
7,41.06434345245361,
8,95.36478042602539,
