prompt_index,time,error
0,14.11430549621582,
1,19.35592532157898,
2,14.048176527023315,
3,22.953062772750854,
4,10.125130653381348,
5,14.884894847869873,
6,47.790242195129395,
7,28.22666907310486,
8,17.490095615386963,
