prompt_index,time,error
0,25.679712057113647,
1,12.578702449798584,
2,4.229510307312012,
