prompt_index,time,error
0,40.937922954559326,
1,26.644527196884155,
2,12.047325372695923,
