prompt_index,time,error
0,65.31395554542542,
1,47.022950172424316,
2,35.5263454914093,
