prompt_index,time,error
0,1588.3754014968872,
1,333.75457429885864,
2,408.5175018310547,
