prompt_index,time,error
0,46.07605481147766,
1,26.655925989151,
2,3.354457139968872,
