prompt_index,time,error
0,393.6260108947754,
1,669.7215485572815,
2,694.5891580581665,
3,500.85431933403015,
4,817.3020589351654,
5,2223.5345373153687,
6,1262.7464656829834,
7,989.4553813934326,
8,2717.593868494034,
