prompt_index,time,error
0,2939.4152693748474,
1,2879.331465482712,
2,2878.909464597702,
