prompt_index,time,error
0,799.0708372592926,
1,12.92861795425415,
2,2.04171085357666,
