prompt_index,time,error
0,12.822017192840576,
1,17.67697501182556,
2,17.952489852905273,
3,25.24380850791931,
4,12.82249402999878,
5,14.422751903533936,
6,40.60527777671814,
7,30.14832305908203,
8,19.93957209587097,
