prompt_index,time,error
0,67.96371579170227,
1,25.85196542739868,
2,13.880083084106445,
