prompt_index,time,error
0,231.0345160961151,
1,116.46682524681091,
2,77.5266284942627,
