prompt_index,time,error
0,49.98840117454529,
1,128.57570958137512,
2,64.62364983558655,
3,53.950801849365234,
4,47.7204954624176,
5,294.9575219154358,
6,136.7560842037201,
7,78.5360209941864,
8,142.02235794067383,
