prompt_index,time,error
0,1061.3858757019043,
1,951.1748442649841,
2,758.0495312213898,
