prompt_index,time,error
0,1112.802773475647,
1,1118.549062013626,
2,341.7932982444763,
