prompt_index,time,error
0,76.78372001647949,
1,49.29796123504639,
2,8.547377824783325,
